cell,group in,nuclide,mean,std. dev.
3,1,total,0.3192055986804428,7.176236864278943e-06
3,2,total,0.29711581151546906,1.1590809720712478e-05
