cell,group in,nuclide,mean,std. dev.
3,1,total,0.001839085083177885,1.5453353596873414e-07
3,2,total,0.003113030568079487,1.4123519601928107e-07
