cell,group in,nuclide,mean,std. dev.
1,1,total,0.3996976490115501,8.025077671060444e-06
1,2,total,0.5818268836103642,2.212932458440401e-05
