cell,group in,nuclide,mean,std. dev.
1,1,total,0.015034825691543319,4.76974781059338e-07
1,2,total,0.17641143651961444,7.242263064508397e-06
