cell,group in,nuclide,mean,std. dev.
2,1,total,6.007049484942151e-05,1.7490522785739496e-09
2,2,total,2.145829030907021e-05,8.842285358423985e-10
