cell,group in,nuclide,mean,std. dev.
4,1,total,0.5283208779066143,1.0648361653173627e-05
4,2,total,1.3163528216430602,5.01122133778433e-05
