cell,group in,nuclide,mean,std. dev.
4,1,total,0.00015181643837850725,9.679108217960791e-09
4,2,total,0.014922416705100623,6.740861096920415e-07
