cell,group in,nuclide,mean,std. dev.
3,1,total,0.3191993161326934,6.606417465110034e-06
3,2,total,0.2971073357286163,1.1493297880761188e-05
