cell,group in,group out,nuclide,moment,mean,std. dev.
3,1,1,total,P0,0.31712865561553816,0.00012831639818587252
3,1,1,total,P1,0.05289961455093132,4.828118366662963e-05
3,1,2,total,P0,0.00028323676028354876,2.0535474958202865e-06
3,1,2,total,P1,-7.416644162736014e-05,1.200558897629444e-06
3,2,1,total,P0,0.0,0.0
3,2,1,total,P1,0.0,0.0
3,2,2,total,P0,0.2939999078856397,0.000216317562398181
3,2,2,total,P1,0.0021363954955962747,7.118234321659059e-05
