cell,group in,nuclide,mean,std. dev.
3,1,total,0.0018335779821729485,1.662333576915932e-06
3,2,total,0.0031067650563090412,1.4340724875300823e-06
