cell,group in,nuclide,mean,std. dev.
3,1,total,0.3192389719178476,7.075125645599895e-05
3,2,total,0.29710666673000063,0.0001172397796490552
