cell,group in,nuclide,mean,std. dev.
3,1,total,0.001832261429508777,1.613763762200103e-07
3,2,total,0.003106960421403579,1.4847534360203432e-07
