cell,group in,nuclide,mean,std. dev.
1,1,total,0.01572751862338015,5.080244190705439e-07
1,2,total,0.17781014114180063,7.229123971910341e-06
