cell,group in,nuclide,mean,std. dev.
1,1,total,0.015726778428663258,5.735874803985275e-06
1,2,total,0.1777607958636228,7.243126177128227e-05
