cell,group in,group out,nuclide,mean,std. dev.
1,1,1,total,0.013669075586509713,1.0505614214154376e-05
1,1,2,total,2.6242634537942758e-08,1.2988561905679884e-08
1,2,1,total,0.2554354064121354,0.00010029663205654004
1,2,2,total,1.5804747737372578e-07,6.131522808202413e-08
