cell,group in,nuclide,mean,std. dev.
1,1,total,0.40289622198679115,7.665528557445398e-06
1,2,total,0.5771684000928744,2.1806320734466385e-05
