cell,group in,group out,nuclide,moment,mean,std. dev.
1,1,1,total,P0,0.3863537544979948,0.00010191497693357351
1,1,1,total,P1,0.04949327408542242,3.216366427333826e-05
1,1,2,total,P0,0.0008155016630682877,2.2601923522052227e-06
1,1,2,total,P1,-0.0002612982200045264,1.2978455196420454e-06
1,2,1,total,P0,0.0,0.0
1,2,1,total,P1,0.0,0.0
1,2,2,total,P0,0.39938877268912554,0.00017424064757406106
1,2,2,total,P1,0.005579598009247151,4.919423659897809e-05
