cell,group in,nuclide,mean,std. dev.
1,1,total,0.4028960007832206,9.269130857198613e-05
1,2,total,0.5771050644403665,0.00021659810050556297
