cell,group in,nuclide,mean,std. dev.
2,1,total,6.011764132285916e-05,1.5375782807314884e-09
2,2,total,2.2235806284818018e-05,9.204710949799767e-10
