cell,group in,nuclide,mean,std. dev.
2,1,total,6.01111164456837e-05,1.8091426871890707e-08
2,2,total,2.2235530169345745e-05,9.143717511068216e-09
