cell,group in,group out,nuclide,moment,mean,std. dev.
2,1,1,total,P0,5.9701146230671814e-05,4.5791155770928833e-07
2,1,1,total,P1,1.1604732687573572e-05,1.9507802278746427e-07
2,1,2,total,P0,3.773236931055312e-07,2.2640513133231633e-08
2,1,2,total,P1,-7.817659064715662e-08,1.264354597424489e-08
2,2,1,total,P0,0.0,0.0
2,2,1,total,P1,0.0,0.0
2,2,2,total,P0,2.224407407871391e-05,4.4180755789581875e-07
2,2,2,total,P1,3.475706718477814e-06,1.8179030961042686e-07
