cell,group in,nuclide,mean,std. dev.
4,1,total,0.5278129832491689,9.523935270974218e-06
4,2,total,1.315303606794853,5.2544415406485906e-05
