cell,group in,nuclide,mean,std. dev.
4,1,total,0.5278164466750151,0.00010657070360379078
4,2,total,1.3152492174563373,0.0005400380760318297
