cell,group in,nuclide,mean,std. dev.
4,1,total,0.00015149190481766292,9.186679859367587e-09
4,2,total,0.014896336979905207,6.986243061519155e-07
