cell,group in,nuclide,mean,std. dev.
4,1,total,0.00015153206504054287,9.45541252817432e-08
4,2,total,0.014894309555659147,7.153192876886604e-06
