cell,group in,nuclide,mean,std. dev.
4,1,total,0.0018350394829650333,1.8413641326751925e-07
4,2,total,0.0027312485906832327,1.1872309509676145e-07
