cell,group in,nuclide,mean,std. dev.
4,1,total,0.31812876236822146,7.178697192336298e-06
4,2,total,0.29646730755706924,1.0973131816064228e-05
