cell,group in,nuclide,mean,std. dev.
1,1,total,0.015075422606881602,5.205112637518687e-07
1,2,total,0.15833090089701068,6.4037673084815645e-06
