cell,group in,nuclide,mean,std. dev.
1,1,total,0.39843014903424356,8.670661966833518e-06
1,2,total,0.5665376703951558,1.9911441540176667e-05
