cell,group in,nuclide,mean,std. dev.
3,1,total,6.071196122403714e-05,1.7223211414364426e-09
3,2,total,2.123332480099334e-05,8.025250742761872e-10
