cell,group in,nuclide,mean,std. dev.
2,1,total,0.400687673213825,1.0057328271042999e-05
2,2,total,18.80786614751847,0.000864726179260063
