cell,group in,nuclide,mean,std. dev.
2,1,total,0.1270748184504861,4.327393763874601e-06
2,2,total,18.523609365554396,0.0008554034096254846
