cell,group in,nuclide,mean,std. dev.
5,1,total,0.00017261663645196532,1.0379301994051984e-08
5,2,total,0.014134001515115381,6.265688642807529e-07
