cell,group in,nuclide,mean,std. dev.
5,1,total,0.5895331432295826,1.155437235255151e-05
5,2,total,1.4040565193389956,5.021242002539551e-05
