cell,group in,nuclide,mean,std. dev.
3,1,total,0.31919515832280365,2.2051244231775326e-05
3,2,total,0.2971161229801781,3.4960957844919656e-05
