cell,group in,nuclide,mean,std. dev.
3,1,total,0.0018393506318364807,5.388705372850483e-07
3,2,total,0.0031131072784821327,4.4014448980502043e-07
