cell,group out,nuclide,mean,std. dev.
1,1,total,0.9999993131124237,0.00011713792464574353
1,2,total,6.868877619129292e-07,7.026447957160579e-08
