cell,group in,nuclide,mean,std. dev.
1,1,total,0.00517246122498119,5.554251469863649e-07
1,2,total,0.10505869259891244,1.469434975756725e-05
