cell,group in,nuclide,mean,std. dev.
1,1,total,1012774.3545833146,109.21272715672504
1,2,total,20318920.071378518,2841.96679199341
