cell,group in,nuclide,mean,std. dev.
1,1,total,0.3996942180584288,2.787422999162987e-05
1,2,total,0.5718919677448869,6.231834034664135e-05
