cell,group in,nuclide,mean,std. dev.
1,1,total,0.015036348746674658,1.5837668844093665e-06
1,2,total,0.1764830985401084,2.1647713127290046e-05
