cell,group in,nuclide,mean,std. dev.
2,1,total,6.006569159769747e-05,5.462652840274588e-09
2,2,total,2.1458544601174653e-05,2.6440458815629334e-09
