cell,group in,nuclide,mean,std. dev.
4,1,total,0.00015181710882651366,3.390288623223653e-08
4,2,total,0.014923327765237774,2.2494833453376424e-06
