cell,group in,nuclide,mean,std. dev.
4,1,total,0.5283148391174085,3.202225679824604e-05
4,2,total,1.3163772872879491,0.0001669911458407416
