cell,group in,group out,nuclide,mean,std. dev.
1,1,1,total,0.20189156151030668,9.009852162034972e-06
