cell,group in,nuclide,mean,std. dev.
1,1,total,0.0676034183573877,2.495903857234849e-06
