cell,group in,nuclide,mean,std. dev.
1,1,total,0.32264480171683235,1.3047192644469915e-05
