cell,group in,group out,nuclide,moment,mean,std. dev.
1,1,1,total,P0,0.2550406857553068,1.4062250344424166e-05
1,1,1,total,P1,0.09464499117253361,5.484625378060116e-06
