cell,group in,group out,nuclide,mean,std. dev.
2,1,1,total,0.0009730160748583248,1.1807675355825026e-07
