cell,group in,nuclide,mean,std. dev.
2,1,total,0.2902486560486427,1.3425116205835105e-05
