cell,group in,nuclide,mean,std. dev.
2,1,total,0.005690072657711393,2.8368802058538107e-07
