cell,group in,group out,nuclide,moment,mean,std. dev.
2,1,1,total,P0,0.28455878992497335,1.411224024665665e-05
2,1,1,total,P1,0.06095718114147799,2.8390814265719008e-06
