cell,group in,nuclide,mean,std. dev.
4,1,total,0.31811851422931187,7.022347801054177e-06
4,2,total,0.2964629509759264,1.1741866241814863e-05
