cell,group in,nuclide,mean,std. dev.
4,1,total,0.0018283824545025757,1.5526739142730877e-07
4,2,total,0.002728367245291369,1.3246615489208694e-07
