cell,group in,nuclide,mean,std. dev.
1,1,total,0.015771915123032613,5.722514326352487e-07
1,2,total,0.160395301685355,6.567366288605683e-06
