cell,group in,nuclide,mean,std. dev.
1,1,total,0.40161920959960845,8.704702072169428e-06
1,2,total,0.5638593078240258,2.0863263666532574e-05
