cell,group in,nuclide,mean,std. dev.
3,1,total,6.0757861145192584e-05,1.685151050026337e-09
3,2,total,2.181101235409985e-05,8.692161917734149e-10
