cell,group in,nuclide,mean,std. dev.
2,1,total,0.4000680654349545,9.680166810819757e-06
2,2,total,18.7824355125793,0.000902127149959404
