cell,group in,nuclide,mean,std. dev.
2,1,total,0.12636218912197203,4.311221786315235e-06
2,2,total,18.496500772912842,0.0008919286999640596
