cell,group in,nuclide,mean,std. dev.
5,1,total,0.5890091861191014,1.1856171828982061e-05
5,2,total,1.4034142627849464,5.6554480683329885e-05
