cell,group in,nuclide,mean,std. dev.
5,1,total,0.0001722401634507116,1.0648221674101226e-08
5,2,total,0.014117546143101603,6.951240858259399e-07
